start, goal, distance, forward, backward, path_forward, path_backward
169325,211774,113,178,115,114,114
262661,138308,369,3614,4534,378,378
285200,224919,233,77816,30248,890,890
368782,273773,401,1882,2127,402,402
62258,193720,474,44917,20933,655,655
257841,116384,461,2900,7321,468,468
73934,333785,651,30894,25424,892,892
105357,121462,121,373,128,122,122
70991,103384,157,8658,4859,240,240
116222,342224,546,9168,13785,605,605
40039,133591,240,3645,295,245,245
302603,296084,39,40,40,40,40
251350,106247,383,2941,5950,390,390
322714,115355,527,12331,12600,588,588
334044,118101,623,22244,16864,666,666
113636,343126,530,8812,9937,579,579
95974,309069,551,21565,22584,712,712
308917,123257,526,11938,9413,543,543
208903,336391,480,1702,2554,481,481
141839,109012,157,867,367,158,158
236475,403419,624,2023,5213,625,625
277280,321035,123,151,124,124,124
57129,365756,815,31423,36562,1016,1016
174260,360976,524,3518,13872,535,535
154327,289021,342,5714,9881,395,395
204040,286148,460,30762,68010,891,891
62345,309294,865,25907,18980,878,878
334163,81802,661,50905,30931,930,930
118523,345392,547,16454,26407,722,722
190314,128351,187,212,794,188,188
60491,287728,613,21116,13897,670,670
134587,58862,225,5366,9607,340,340
102280,48263,233,2192,2594,254,254
127018,145583,97,100,495,98,98
135681,63574,371,7032,2326,372,372
63615,115072,189,8575,3384,246,246
34412,142075,403,14699,1238,418,418
398254,307718,248,11974,3321,325,325
135826,137343,219,2709,6031,268,268
145119,135279,142,1814,1117,153,153
121816,180286,150,14114,7435,279,279
289779,192275,304,46433,37783,817,817
335710,137827,459,23755,21541,626,626
88620,257870,444,74467,34029,853,853
83951,198458,503,41820,37916,660,660
120302,158479,449,29120,4624,542,542
255739,185055,268,68456,68168,923,923
240366,89408,508,11023,54754,693,693
205691,205269,12,13,13,13,13
274180,375715,447,2626,1853,448,448
115370,188872,278,22590,11725,375,375
114444,121965,177,2945,5930,208,208
151163,103824,401,8355,813,402,402
70862,324483,703,11359,27602,732,732
143339,76912,409,31195,44050,636,636
269950,137938,358,13938,8543,457,457
137519,256975,328,2889,8487,391,391
140607,171613,242,25842,17921,445,445
114876,4534,328,377,1432,329,329
299336,115089,637,13601,16938,646,646
171595,299404,369,35248,51276,692,692
262997,281587,72,195,821,83,83
79117,228632,649,23443,25517,672,672
397368,334052,244,501,442,245,245
79995,142719,206,363,273,207,207
336625,74001,814,25195,13239,823,823
389603,131974,601,42297,19620,902,902
109729,315389,490,8545,9579,545,545
69259,74531,370,20178,15248,595,595
117980,137146,158,318,941,159,159
82647,199692,569,41477,40290,686,686
296884,162002,530,37426,23945,671,671
164577,262126,349,34055,22736,588,588
270701,203104,205,51547,44656,862,862
207938,104634,422,19081,27017,519,519
334644,267768,348,1318,1757,349,349
145621,184198,129,5954,6992,238,238
133287,332718,643,9129,34195,688,688
271698,206131,335,52287,36270,748,748
118969,301203,480,14169,19490,609,609
289436,83079,661,33401,15962,708,708
131480,312839,487,15181,19334,582,582
77442,291201,637,23484,20484,708,708
107091,325446,627,18839,12888,650,650
107640,114521,63,1284,1991,104,104
306439,213503,488,68115,32075,917,917
95884,117036,114,1891,155,117,117
340050,316435,255,19444,5920,386,386
200644,229254,98,28296,44821,599,599
384782,174620,642,67504,37195,945,945
174534,276376,322,40581,43531,745,745
204451,69191,582,43310,43561,701,701
307166,298050,44,59,45,45,45
121096,238350,360,5240,2588,367,367
128373,284323,430,3888,3331,437,437
367416,380417,41,42,42,42,42
98393,296500,683,18574,12749,690,690
325751,311891,36,37,37,37,37
148544,113115,159,406,1087,160,160
307638,293375,59,60,60,60,60
330997,260470,215,407,233,216,216
127595,305447,522,6782,15069,539,539
293380,210899,401,60221,30812,806,806
110955,179717,244,8596,2534,271,271
94894,369660,878,24107,28980,885,885
63200,134867,377,2332,2913,378,378
282173,301908,229,8151,2837,254,254
247337,190218,169,52629,50832,832,832
162835,67760,405,1790,21504,442,442
205410,129712,252,21050,27972,467,467
216689,77932,557,47109,47293,826,826
51798,257849,533,10736,18274,600,600
149473,281139,338,36662,22761,585,585
332783,94464,719,24293,46125,782,782
242136,97475,373,23808,55484,778,778
311593,128779,510,9588,10236,527,527
182884,280264,270,37569,58062,757,757
256023,108138,543,29526,36572,700,700
98130,324157,523,10947,18975,660,660
263969,140202,357,16913,12748,562,562
113700,66241,281,2449,6578,294,294
144707,89874,285,32475,1941,432,432
217129,131393,200,1073,1292,215,215
147714,97967,163,176,1842,164,164
186638,303888,610,32062,59914,887,887
337098,178121,433,68709,42996,848,848
271290,289478,44,261,205,55,55
71817,317635,694,40939,27510,829,829
138833,309000,395,11025,28093,592,592
176688,375278,734,33882,64729,973,973
235606,84900,370,14701,57077,873,873
324022,345821,199,240,1619,200,200
145105,132424,339,8323,4383,376,376
58852,113166,370,14904,8857,417,417
289182,331525,189,4653,2827,200,200
317149,318548,103,3950,4802,192,192
148631,323199,472,20693,29121,597,597
108848,194855,359,13554,12689,382,382
270380,267878,102,1222,1418,125,125
207870,188435,95,96,96,96,96
105334,280784,490,17971,10097,539,539
270739,135841,510,19744,19796,599,599
174623,3244,485,6131,23895,582,582
375655,301173,178,7601,7055,277,277
247781,141923,472,26545,43905,695,695
148093,136544,169,6813,16351,326,326
339761,97961,744,22520,18224,751,751
309928,122623,681,15575,9797,688,688
173637,217997,296,28958,15709,519,519
381312,173405,547,11928,10082,574,574
312799,178524,355,52535,33209,732,732
262570,58422,700,6482,17284,707,707
96019,202740,477,33846,21938,574,574
275164,100110,526,11547,30189,569,569
393454,239979,547,4888,1428,548,548
155221,182318,245,13911,22481,380,380
344161,187269,508,6735,3489,521,521
101441,165520,153,8109,1440,222,222
308463,111409,494,22062,14260,585,585
366198,209771,475,500,4509,476,476
154666,292224,614,22097,38066,721,721
86632,225351,479,15665,16151,496,496
268656,317528,170,1189,193,171,171
239492,262123,167,6784,2514,268,268
198918,137147,291,21293,31130,530,530
2373,322519,898,14719,9023,911,911
175571,256836,327,18665,9139,520,520
77435,340111,762,24812,29099,815,815
262490,59089,579,10142,29768,668,668
295638,134544,390,29125,14722,653,653
158539,248749,354,20947,9170,479,479
102886,338971,645,16447,23077,768,768
107500,78276,288,10857,12070,363,363
287401,72162,535,29932,26053,716,716
384319,330567,184,3410,4797,253,253
284224,72599,601,17638,10301,620,620
301738,264820,198,5716,1101,221,221
233496,50503,589,28733,70992,846,846
107905,339717,692,40572,24294,741,741
308946,172351,515,46952,37047,758,758
338848,357947,91,333,966,102,102
138274,273123,497,17741,13186,570,570
163811,101842,193,1939,9002,226,226
226093,112375,424,10885,59686,671,671
377410,63528,768,32794,35638,925,925
196317,378693,504,54875,74948,1043,1043
294822,271441,55,986,463,82,82
135629,263067,430,6506,6758,449,449
278166,105429,429,3240,5698,436,436
171942,89713,231,3989,12584,308,308
71308,296779,643,10369,13623,650,650
386122,69131,767,40365,29830,948,948
334199,223079,528,6014,1281,529,529
122281,185810,269,18929,13725,358,358
122271,187189,182,14167,8916,291,291
105340,82781,95,127,248,96,96
173228,375709,737,33623,65086,968,968
333986,164148,494,35893,36838,767,767
299857,121424,449,9685,10557,488,488
213934,319274,364,36228,62596,893,893
29653,365344,891,15148,14856,906,906
182773,55297,554,21657,35594,631,631
146009,88975,254,952,615,255,255
82605,148591,416,726,10279,417,417
370886,95324,810,28102,58976,905,905
381322,319813,165,166,166,166,166
128746,211479,221,16692,11302,354,354
141477,129125,256,5220,6359,285,285
165888,316710,486,33345,33955,687,687
334233,156367,746,41823,23613,861,861
175394,281737,503,36331,54158,758,758
106683,341132,737,13873,11297,744,744
76937,91655,38,76,39,39,39
145092,295573,577,28352,26742,640,640
124837,186627,272,8321,6941,295,295
214368,131754,280,11375,8447,329,329
185044,97476,304,6369,10590,323,323
82742,292175,777,23317,16320,784,784
191064,197970,38,39,39,39,39
164175,51449,548,12069,3065,549,549
272879,153755,324,23866,43279,681,681
331403,298992,139,169,213,140,140
246469,295971,254,321,2293,255,255
61466,396935,881,31744,36454,1088,1088
173726,253357,225,58200,35554,828,828
158989,148117,72,303,74,73,73
114553,206987,442,17229,27457,487,487
47478,51909,111,2201,1652,154,154
286594,330109,319,426,320,320,320
190534,284596,318,37553,45343,791,791
382247,131124,597,42030,19800,904,904
383065,258283,366,378,2252,367,367
160673,45672,443,1372,2553,444,444
197454,291153,387,33476,51353,768,768
84303,213639,430,39909,21091,613,613
306261,211488,273,74198,38077,892,892
119797,86389,144,6366,2668,189,189
109243,297713,550,9687,17664,563,563
203172,136192,290,18582,19029,409,409
93010,376586,694,29727,53884,943,943
233826,363958,532,59760,68964,1115,1115
256541,64867,588,14818,10799,601,601
140202,338743,665,11961,38432,740,740
291765,100672,581,8863,11088,606,606
103181,145138,141,622,213,142,142
33973,289601,748,14232,9921,759,759
327736,99057,583,28467,24333,844,844
313761,26612,733,10232,15003,748,748
330513,207538,287,65043,37998,882,882
51382,283926,560,28285,26201,743,743
254371,95324,503,3461,15765,518,518
283893,173328,405,57296,31947,698,698
376084,322407,139,2676,2990,194,194
263651,321849,392,1306,4809,393,393
122215,31822,313,495,1148,314,314
295142,314960,146,147,478,147,147
291650,298569,25,26,26,26,26
181194,66026,276,277,572,277,277
123126,83846,214,13144,1745,265,265
182362,381713,631,59140,72185,1046,1046
325875,169885,470,67033,37961,813,813
102839,332486,687,12841,14602,716,716
69681,228687,706,76641,22827,943,943
360973,86948,697,48967,25866,882,882
288700,367923,199,5178,4976,258,258
93730,347430,624,7761,9763,637,637
211374,111963,409,25385,28730,514,514
321550,284812,152,296,534,153,153
289942,118726,576,13291,12809,583,583
305462,387857,315,2076,11140,332,332
264652,317141,217,236,1192,218,218
288649,317243,82,416,83,83,83
121957,177570,373,22739,8415,436,436
119182,128382,128,129,232,129,129
195829,372257,604,33362,70546,997,997
214027,150751,204,6201,3201,223,223
108785,148561,152,1403,337,153,153
331180,85636,600,30741,30216,867,867
103326,54469,185,10056,14896,302,302
182891,175995,48,24438,20681,427,427
204106,124457,207,11778,20817,376,376
286026,197582,316,60876,29379,731,731
283479,287286,99,100,191,100,100
331826,262278,326,15326,1377,345,345
309542,261274,316,2887,599,317,317
260399,114178,471,3920,8803,478,478
271235,286981,194,263,744,195,195
189800,271561,265,44497,56215,814,814
254812,332920,348,3055,937,349,349
335966,200973,641,69675,32132,1058,1058
371340,116319,605,25610,26965,762,762
316274,178573,325,66112,32427,780,780
57473,176788,469,35268,16406,566,566
317513,201951,316,71334,37668,891,891
64287,272100,507,7050,2941,520,520
305634,60507,615,25244,29104,848,848
197664,47139,507,5446,14628,526,526
89403,139620,127,207,128,128,128
119759,214966,273,3377,4040,282,282
393938,127479,779,22091,10104,786,786
265950,170173,305,41052,46254,810,810
313777,114468,589,11516,10713,596,596
378251,279394,361,3523,23151,442,442
344527,274746,229,232,1119,230,230
145618,340570,552,26973,32729,659,659
125776,289903,399,8151,4317,432,432
166830,326331,525,28646,59876,774,774
150772,133892,46,47,47,47,47
243413,274890,373,9745,11789,430,430
115270,290492,694,16247,16191,701,701
301118,198940,246,3660,929,269,269
216090,315997,547,39856,64240,972,972
321119,262749,220,6565,1174,245,245
125379,139328,125,146,643,126,126
262628,108001,403,3377,6062,410,410
179338,290382,452,31305,63731,771,771
119709,108360,117,1383,901,120,120
202229,65320,669,24604,27341,692,692
66132,355814,674,31962,31959,899,899
306434,381288,228,3879,9763,275,275
191834,284215,365,34221,46797,740,740
321020,63161,805,19323,15930,812,812
92853,330960,593,10038,12937,628,628
188110,195939,53,54,54,54,54
193339,149508,199,5526,2196,276,276
98138,264741,487,7172,4744,494,494
53984,79073,83,84,84,84,84
111948,300006,570,10824,16180,631,631
123528,245575,341,56126,14900,674,674
360500,180764,456,11076,21432,539,539
59250,156083,383,2566,3079,384,384
390881,386957,36,37,37,37,37
318544,210944,464,74123,32288,927,927
272101,108878,395,3349,5570,420,420
132193,63971,350,7606,2321,351,351
103606,347992,738,15090,21511,745,745
182831,307325,510,37094,64619,849,849
167275,124455,146,4801,14283,263,263
201467,73519,516,21592,38158,617,617
202658,90339,521,49278,22047,634,634
260821,196373,218,310,968,219,219
310372,72205,567,25479,29090,814,814
63603,110089,386,16241,11646,447,447
236951,395619,556,1487,4971,557,557
284232,269938,38,39,39,39,39
260969,332305,274,10151,19267,323,323
197217,173667,222,16903,28328,467,467
157696,277644,284,39109,25165,633,633
336273,412963,226,6687,288,253,253
179847,274903,448,47063,65551,869,869
259700,225165,407,64824,55495,982,982
185486,3664,458,20007,27487,631,631
179901,81773,390,12952,1240,407,407
285442,51373,725,26986,15864,762,762
100674,318506,536,18119,8979,605,605
310840,107685,547,23821,20542,742,742
158081,54337,416,1340,2409,417,417
89268,366193,877,24151,27968,884,884
285538,113954,512,13834,27836,561,561
57521,129207,358,2545,6211,359,359
117088,118488,104,1366,908,127,127
92531,272551,524,12665,8696,553,553
225663,56701,732,15430,76382,981,981
123984,112452,186,2255,292,187,187
107462,282021,463,33026,15845,602,602
139692,131384,100,1377,2109,129,129
256139,140442,353,14418,68049,680,680
150437,97509,224,899,11899,245,245
84467,192048,445,2338,1180,446,446
264895,166814,449,48420,51945,762,762
142355,313710,509,18406,31226,660,660
304583,310804,173,8466,2588,250,250
165961,147264,121,261,2222,124,124
266629,291793,108,1131,6479,191,191
55191,81824,281,21209,18306,522,522
185976,90989,379,1114,1677,380,380
153387,172110,147,6257,4043,242,242
289488,184607,337,61872,29231,722,722
369662,149890,748,45817,24827,833,833
343224,120543,633,16258,9384,640,640
257842,287317,99,693,1559,104,104
254415,393058,403,8126,22914,494,494
376589,309922,169,15890,7422,346,346
68694,304136,654,11075,26610,689,689
160842,283860,330,2429,3078,333,333
309947,269274,123,124,470,124,124
328993,264302,323,1446,405,324,324
50507,343109,782,12067,35566,819,819
134459,105790,157,165,838,158,158
284677,299992,195,209,461,196,196
121004,137852,78,109,115,79,79
87938,306740,642,30335,17635,705,705
326645,158560,469,32554,32029,676,676
320117,194051,354,63696,38335,887,887
319909,68755,594,43184,29413,897,897
124512,39604,236,246,2242,237,237
100540,314931,551,34204,19730,686,686
315596,113217,635,12343,10834,648,648
177190,56560,456,27334,18578,529,529
141869,210171,270,29243,23316,521,521
264842,46645,539,7196,24587,690,690
53197,55299,68,879,1141,95,95
109339,250044,345,2449,2284,352,352
120484,103573,63,64,64,64,64
104479,201888,241,12809,9496,338,338
213628,83128,568,45031,45137,777,777
112018,337012,686,11790,22412,693,693
281211,71793,638,12214,16301,667,667
188571,237056,123,149,124,124,124
343604,139537,595,30753,29122,674,674
385685,202727,654,73641,34692,1079,1079
162409,151310,185,9748,3057,276,276
119371,139116,219,248,1118,220,220
48781,295925,670,14155,23369,701,701
276921,299423,66,326,875,77,77
169408,48023,569,14312,29944,616,616
347425,319251,94,118,214,95,95
312320,145490,510,55191,37513,881,881
218753,75714,615,15040,76556,896,896
294340,272257,51,2981,980,132,132
109382,269681,459,31211,18801,676,676
93570,86362,170,4964,2358,237,237
287794,198318,484,58733,31678,815,815
185450,264459,385,52718,61868,836,836
186641,322293,436,37379,50790,839,839
168565,70521,474,14917,36978,573,573
231421,335371,270,8590,4953,309,309
368321,87294,659,56846,30780,894,894
107520,144223,187,3725,669,192,192
26621,209162,607,24972,14687,636,636
168507,151743,162,9830,3501,255,255
78733,151573,506,1205,19793,509,509
195758,131262,170,11949,7401,285,285
125260,315928,588,6465,12664,595,595
267275,92477,538,44481,27061,743,743
160409,96885,274,3170,587,275,275
145926,184943,137,249,898,138,138
212657,293765,324,35548,70457,837,837
191895,188443,20,21,21,21,21
319398,149420,634,36406,29243,717,717
397802,191834,768,65838,34596,1069,1069
206203,73956,557,23447,40214,654,654
308247,130051,644,13982,6177,651,651
25760,51731,69,70,70,70,70
207549,101164,379,18558,26284,506,506
140875,274290,359,8104,9617,428,428
298954,87240,512,5885,8483,527,527
280105,280291,248,1829,3627,275,275
100215,295044,471,7215,6027,502,502
292580,118534,422,20466,18627,627,627
392189,97034,963,32814,25400,970,970
283482,204484,374,66857,33363,811,811
128718,310237,511,11826,15755,554,554
309814,182495,311,5919,5573,350,350
192769,61806,539,23348,40683,636,636
315949,281527,294,5343,2617,301,301
234358,317109,239,5353,2855,274,274
319736,81244,642,29996,9847,695,695
158526,58321,483,11072,2951,484,484
97264,137596,156,1174,7815,191,191
215241,200709,224,26746,31200,599,599
279068,212787,185,72872,35886,802,802
58845,265341,522,47045,25133,937,937
50608,65666,132,231,1402,133,133
274740,88674,554,21135,15775,619,619
258690,345264,226,744,263,227,227
117463,77894,359,18139,7942,404,404
92923,255282,391,70897,46417,886,886
293830,155236,354,9823,2542,407,407
193204,291656,388,30460,63298,769,769
265543,192263,272,45297,45350,813,813
131016,108952,70,71,169,71,71
131763,280891,520,12385,8293,549,549
272547,114121,418,10840,8303,459,459
177118,284298,476,31033,46081,711,711
194923,157218,121,10925,5190,234,234
341496,90411,635,45310,26390,838,838
119781,358806,561,13320,23643,700,700
248747,275023,198,2384,2687,215,215
292436,168974,342,40058,42615,679,679
131945,172925,250,28087,16561,445,445
211485,200214,39,40,40,40,40
183690,99912,418,25335,32107,521,521
75683,311528,685,19068,19697,728,728
3664,367859,883,36959,15991,974,974
286473,126331,438,22844,12952,573,573
302111,164598,569,40941,24804,722,722
60963,202683,632,36237,25917,693,693
365280,110977,719,30625,28652,776,776
81755,139950,395,1052,21318,412,412
243887,214101,160,6814,6792,327,327
275123,70102,695,9420,12627,702,702
167193,63075,476,19914,3001,485,485
143419,60539,448,10517,2645,449,449
342220,266822,230,4332,4951,271,271
265704,196371,213,1989,1193,244,244
294378,44805,741,10082,13415,754,754
206726,66127,451,21582,44774,664,664
317650,322005,35,36,36,36,36
272599,127867,444,5644,5377,451,451
275323,261891,40,41,41,41,41
124477,333335,634,8221,7280,641,641
190294,53546,396,9297,3321,411,411
164206,364421,631,37677,57492,848,848
257099,216510,413,62827,56824,960,960
220994,104623,375,17451,29344,546,546
96752,143442,182,847,509,183,183
60071,278153,654,12921,9150,661,661
292522,285253,109,270,110,110,110
61412,372225,799,34599,35810,956,956
357057,223598,403,75423,43926,1044,1044
176782,274899,485,47123,62374,842,842
69245,117205,214,490,709,215,215
278988,204903,213,59476,36629,784,784
330677,222661,448,5226,1615,449,449
261629,294682,221,253,3106,222,222
192320,187537,31,32,32,32,32
226528,70451,597,14904,74651,842,842
181626,72582,324,13286,2535,371,371
114081,77401,210,5887,6151,253,253
288254,347425,287,410,319,288,288
277713,215367,150,65980,34654,787,787
286030,57525,647,19671,26109,740,740
99461,263192,435,42547,22521,746,746
374828,263597,307,7662,2303,326,326
140006,293001,499,5003,14678,522,522
74882,264519,455,41686,42694,952,952
312397,263977,188,193,301,189,189
131426,359273,615,7127,16747,662,662
393483,79617,784,44609,32572,1021,1021
212375,272883,252,3499,3550,277,277
319501,197635,474,75095,30688,995,995
335296,172861,435,43624,35301,750,750
77139,304154,647,31242,16836,696,696
196378,274012,306,10289,9024,421,421
336185,200558,411,67667,33683,880,880
194912,322878,526,32495,72864,915,915
313340,82772,744,17288,20945,751,751
321644,404321,217,12546,16657,482,482
189732,139769,381,27656,29659,544,544
298947,146986,373,4853,2917,390,390
255158,267933,247,15392,8126,382,382
227468,75833,435,9853,16992,474,474
136293,131042,67,184,68,68,68
153919,104580,137,138,348,138,138
307359,100329,534,24695,22393,739,739
234354,284160,126,354,129,127,127
381313,68792,827,36885,36921,984,984
370951,289113,190,4874,3089,241,241
138137,334473,640,37405,64722,905,905
302438,102900,536,13759,12005,583,583
80066,131984,162,7503,8793,295,295
313310,370473,139,3170,2032,188,188
224367,56494,519,9870,61325,780,780
194599,351452,469,31067,76628,966,966
372210,129658,632,14382,18079,677,677
136292,306309,545,8953,24168,602,602
186671,54009,576,23483,37699,655,655
135635,295919,444,17143,16559,511,511
319403,198477,398,74113,30530,875,875
148090,291341,691,31847,65680,908,908
234451,71718,451,15559,8736,500,500
398222,2378,996,18976,12779,1019,1019
210064,77141,315,13735,18167,454,454
164118,183354,228,28081,18410,457,457
136287,264305,446,8486,10696,503,503
144270,255756,462,64760,25610,725,725
172910,161084,162,4814,2009,201,201
114217,265267,416,14377,5183,551,551
125738,378314,720,10711,20864,727,727
90253,83988,245,19389,18199,446,446
111140,369209,597,17142,28659,774,774
222307,44977,610,23631,46886,809,809
364869,139179,618,13990,4647,625,625
191411,178098,141,1021,225,142,142
194626,162398,260,14193,28005,427,427
342684,153313,587,32659,32312,734,734
248190,99256,362,14338,59517,743,743
324624,286454,154,161,1346,155,155
142555,180592,155,5607,3711,200,200
258372,317163,233,6153,10274,272,272
187632,377002,586,31238,70452,973,973
343530,350585,143,1722,915,176,176
337074,278279,229,350,3561,230,230
113104,290291,499,24309,13691,552,552
289168,135709,531,8844,4546,538,538
306437,286320,245,7843,1556,274,274
80808,318402,672,12502,32394,729,729
54914,288743,549,29061,25825,854,854
203126,109889,507,22005,32075,588,588
391718,102442,700,26088,12909,801,801
372209,54079,860,36890,41151,1017,1017
304591,135296,399,5290,6285,432,432
365707,125375,572,19236,27646,695,695
185548,226553,225,9817,5474,464,464
96841,378757,684,17419,28621,841,841
196235,77395,510,23557,38291,607,607
275282,288280,38,813,2245,107,107
203130,86381,431,17704,28091,520,520
326628,98930,586,10644,10461,599,599
185554,107172,190,962,5348,243,243
168134,298471,305,40742,49069,722,722
288619,297763,72,73,73,73,73
182870,96628,274,3415,9661,291,291
305880,301909,83,6804,1453,184,184
115952,257925,379,45153,19117,738,738
204536,179342,138,1004,157,139,139
321220,331538,98,8963,10763,283,283
89914,124088,112,1180,5830,173,173
126541,270306,341,42731,14513,564,564
129572,186780,184,6834,5360,237,237
169442,354919,581,30686,67456,876,876
71363,90699,194,16640,7744,345,345
223967,97041,350,14627,60718,807,807
84753,120757,148,1933,3404,185,185
73129,145139,468,723,10915,469,469
380415,200191,512,71991,58557,1043,1043
88116,201410,414,31442,16674,513,513
188120,282270,406,6892,2633,425,425
305638,129292,522,24903,13139,649,649
336206,296359,103,415,906,108,108
94463,291945,490,41771,14970,699,699
328493,105383,630,12527,11070,637,637
328914,179759,547,69100,36748,874,874
206217,299868,339,34212,64816,794,794
320372,226986,506,7377,789,507,507
276022,196645,321,60349,36128,760,760
139726,388267,575,15980,43367,832,832
306788,113216,468,8516,10516,509,509
70130,89684,410,19641,21579,569,569
372659,151213,694,45160,26173,791,791
338532,79308,888,17282,23761,895,895
212728,206617,63,132,64,64,64
171947,210048,91,92,92,92,92
89521,262626,495,12430,6940,544,544
388300,198800,716,73406,36094,1115,1115
389584,65311,793,36894,32428,1020,1020
271234,287461,243,312,1685,244,244
117487,122641,54,55,55,55,55
172936,203996,188,283,478,189,189
292997,336637,194,2451,349,195,195
140123,63487,182,5066,2775,233,233
367849,217574,371,9147,20775,474,474
136051,193597,176,7311,8348,251,251
278083,318930,239,15812,1713,298,298
155246,36145,301,700,3413,304,304
80878,319842,604,26187,26288,773,773
190310,144322,196,5014,1422,249,249
269542,147696,454,19740,32638,551,551
370525,187243,546,574,5345,547,547
221906,106225,337,2085,6429,340,340
368758,198856,558,71230,38932,979,979
343987,179349,478,60927,33816,839,839
237821,366624,499,2967,4896,500,500
283132,275115,241,1408,3334,256,256
264010,105373,525,9107,34744,644,644
266644,120200,428,17572,34662,657,657
386118,180664,686,69842,33894,1009,1009
295835,105118,677,20814,15166,696,696
200188,1511,529,12079,27110,656,656
184108,297355,495,36460,66454,838,838
128503,327613,530,18995,31456,691,691
299764,150366,358,28597,34636,597,597
174228,276878,266,34403,55887,671,671
354065,91677,616,31277,22768,817,817
122809,291643,426,9890,9372,497,497
51434,142994,448,3141,10152,449,449
294271,283335,136,358,137,137,137
288133,211354,315,63300,34924,808,808
60598,177602,610,46658,20395,717,717
71287,149824,451,40001,29737,622,622
136662,157698,230,1858,7965,283,283
176285,341494,617,32699,70204,914,914
68378,129651,355,635,5764,356,356
267952,183233,479,66150,54799,908,908
81307,261429,422,41316,21111,787,787
70095,313880,569,29142,25867,926,926
208781,192430,141,835,174,142,142
286150,141597,697,67195,31840,914,914
129177,289080,495,6098,9023,502,502
268254,380435,293,8171,2854,336,336
273012,188453,319,54885,32474,688,688
292185,335766,253,5508,10860,272,272
166386,288288,510,27200,54024,735,735
290004,93012,478,41804,28252,763,763
54861,81439,330,17486,15015,523,523
257002,296361,135,1780,20321,316,316
128909,312874,485,22999,27994,646,646
290402,266561,81,2583,982,126,126
125033,199623,492,21006,22590,531,531
198320,54512,714,24922,30025,737,737
6701,188811,604,24222,9604,633,633
205852,76525,439,21454,42812,636,636
152028,211333,153,3054,7618,222,222
252075,390894,579,5101,38438,648,648
151765,77564,329,1058,997,330,330
193724,260121,301,55839,72036,898,898
264745,296903,190,270,984,191,191
341128,286931,197,198,862,198,198
83490,393448,786,27246,50191,971,971
366155,190116,647,67472,41620,982,982
292881,276822,75,76,76,76,76
272244,290818,88,294,1112,95,95
304153,105540,593,30531,13357,644,644
268410,75684,486,24867,40561,845,845
254380,230883,169,4481,5203,280,280
67092,269418,786,35627,14422,833,833
223081,57024,599,14698,75979,860,860
62557,274480,675,26432,9610,742,742
262730,272277,43,3216,5222,206,206
214057,295977,272,31065,70600,807,807
204005,100750,471,24324,33319,568,568
122657,168575,126,7816,2348,205,205
117206,310358,480,16510,19737,665,665
85516,243412,514,55716,11914,689,689
136714,90290,200,10128,1680,237,237
75255,317117,744,12028,17907,751,751
333263,79602,663,37845,28217,834,834
75611,167269,350,30775,30157,505,505
124899,380018,671,14048,14008,688,688
71296,222649,547,74159,24351,830,830
261273,31381,562,3588,8709,575,575
187716,332238,434,1929,565,435,435
124850,298469,415,20914,13004,544,544
168104,273605,525,46605,49979,788,788
391308,256639,317,13524,5529,408,408
153509,54880,323,3067,13006,360,360
315786,272974,154,364,1218,155,155
184896,118056,430,9829,17677,453,453
323213,105729,620,21375,30144,669,669
125445,376131,600,15077,38442,793,793
143330,135248,164,5077,17671,337,337
211502,171160,166,17287,27029,451,451
328124,282964,232,426,5706,235,235
313314,280258,224,1143,10859,257,257
282949,191963,266,58932,35370,717,717
262749,188970,339,3353,13191,472,472
148583,164159,48,49,49,49,49
95987,208790,471,34459,23043,568,568
286151,184575,488,62936,30481,829,829
377831,264406,283,11967,7765,356,356
336285,288319,208,3150,4390,213,213
376077,65348,883,37404,54194,1040,1040
80404,129163,283,6214,7164,294,294
106746,161976,322,1138,1868,323,323
310246,137033,413,5224,7356,452,452
93880,51302,242,18055,16067,421,421
194185,50949,418,11165,8951,437,437
108932,282495,471,6074,10151,486,486
309077,295124,129,1423,3474,162,162
113178,309503,629,19005,9861,640,640
146014,310221,479,25729,27860,588,588
285935,118305,446,14234,27815,551,551
287633,390412,395,11999,21963,436,436
77420,196382,388,13290,4148,441,441
275143,203992,303,58634,34808,760,760
177571,160417,206,24247,17195,397,397
318645,285860,385,9784,2205,412,412
295996,321013,155,194,411,156,156
315831,207141,258,71029,33140,843,843
216959,137549,446,27409,20934,537,537
324182,171907,643,58369,32777,860,860
294353,302465,134,5589,3215,183,183
280710,264054,270,9522,2670,307,307
135192,149461,53,112,60,54,54
127144,148976,302,1792,5443,311,311
198913,385687,582,33700,74718,1067,1067
106179,328467,672,36541,21907,715,715
299803,201016,291,60394,34402,782,782
304599,336693,126,1539,2318,149,149
104587,259186,375,59222,9942,706,706
138422,330308,510,15600,31949,753,753
236195,85967,370,4297,1969,383,383
286505,290384,27,28,28,28,28
239993,71354,621,14852,64723,814,814
161566,73554,524,10895,995,525,525
255667,226970,185,4161,5307,290,290
216936,324673,601,32319,63930,1018,1018
103175,124040,129,164,343,130,130
309003,338960,149,8760,5617,246,246
132422,67409,213,815,2391,214,214
330994,167595,535,46071,32768,776,776
132183,133260,213,3769,3009,246,246
210089,126323,430,23951,31755,549,549
225698,362706,496,1174,18072,499,499
84504,50933,281,21039,15982,504,504
167691,140498,149,7235,10727,260,260
196592,115973,539,16255,22445,562,562
70784,112487,231,5081,9158,282,282
158247,264847,328,2279,2541,335,335
301739,358398,195,10948,10109,318,318
81046,396057,947,22674,30069,954,954
121952,122236,150,5162,722,193,193
194567,186270,89,545,1788,102,102
80433,129544,365,5696,11987,374,374
177574,131119,417,20328,25783,520,520
57035,97507,324,14476,14938,443,443
235221,302452,271,504,2267,272,272
61783,140614,207,1060,215,208,208
317682,101101,581,8013,9173,598,598
187993,191168,151,26480,21626,502,502
52264,94457,339,14711,15112,472,472
124566,144396,134,135,135,135,135
302076,275996,160,779,220,161,161
293055,311099,184,1587,4212,207,207
72672,146397,489,802,11108,490,490
107992,331860,524,7262,10761,575,575
285916,300426,254,265,2031,259,259
27919,137957,310,2515,1050,311,311
337906,177547,519,48423,34931,830,830
113788,180290,334,31789,11457,501,501
221872,257700,194,61589,70275,1041,1041
130445,209238,195,8704,9220,292,292
68756,319493,609,30642,42348,912,912
90281,77014,187,6982,19971,358,358
95131,76049,74,75,167,75,75
364466,204018,608,74243,34690,1039,1039
40035,116731,232,5171,1561,263,263
291506,363580,362,2870,22425,415,415
264918,314068,326,1162,13818,343,343
128868,325861,477,24375,22457,628,628
383519,162842,789,52249,32777,934,934
136226,192800,280,23655,21328,427,427
218854,105313,357,10065,15087,388,388
212185,203624,119,2447,2426,154,154
201097,326328,383,30309,76975,916,916
112484,117247,11,12,12,12,12
187569,205399,118,124,485,119,119
194634,123997,221,229,809,222,222
67014,100794,84,3352,1554,149,149
93847,279426,607,11486,9685,614,614
125393,52592,225,897,2085,226,226
124381,180719,178,8404,4613,241,241
278788,116225,563,9861,21214,604,604
322502,265116,362,3715,476,363,363
337878,85207,785,31956,12779,794,794
115529,155109,348,469,3230,349,349
148175,140860,63,106,64,64,64
108000,376088,680,34319,16385,763,763
76177,80522,25,1487,846,96,96
117129,283358,427,5146,4551,434,434
181509,287426,509,31448,65781,836,836
104572,301582,460,10272,6838,513,513
197595,183308,35,36,36,36,36
169812,278515,271,37619,29656,664,664
214090,110478,364,2743,20504,395,395
127414,12762,358,534,1365,359,359
386549,327643,154,1788,738,161,161
114908,63580,318,7936,10860,357,357
347511,53574,749,31027,37579,880,880
263599,45400,537,23736,40733,902,902
324608,207938,462,72555,31363,911,911
376512,326662,170,3790,7248,265,265
289632,271412,76,264,266,77,77
194492,329381,537,32837,72945,924,924
187605,262126,217,34471,46220,658,658
199672,101425,271,11947,14509,368,368
68801,271004,475,39732,25571,896,896
120674,184943,397,28798,14187,484,484
93826,323579,701,12457,19527,708,708
84267,150035,200,6614,13952,295,295
186715,264663,188,46247,52724,809,809
79226,104908,358,14638,27475,491,491
